player_id,player_name,team_id,team_name,team_abbr,position,position_name,bats,throws
650644,Aaron Civale,133,Athletics,ATH,P,Pitcher,R,R
675961,Alika Williams,133,Athletics,ATH,SS,Shortstop,R,R
666126,Carlos Cortes,133,Athletics,ATH,RF,Outfielder,L,S
687515,Colby Thomas,133,Athletics,ATH,RF,Outfielder,R,R
665660,Elvis Alvarado,133,Athletics,ATH,P,Pitcher,R,R
695611,Gage Jump,133,Athletics,ATH,P,Pitcher,L,L
664129,Geoff Hartlieb,133,Athletics,ATH,P,Pitcher,R,R
703607,Henry Bolte,133,Athletics,ATH,CF,Outfielder,R,R
663687,Hogan Harris,133,Athletics,ATH,P,Pitcher,R,L
669372,J.T. Ginn,133,Athletics,ATH,P,Pitcher,R,R
678022,Jack Perkins,133,Athletics,ATH,P,Pitcher,R,R
805779,Jacob Wilson,133,Athletics,ATH,SS,Shortstop,R,R
643446,Jeff McNeil,133,Athletics,ATH,2B,Second Base,L,R
605488,Jeffrey Springs,133,Athletics,ATH,P,Pitcher,L,L
608841,Joey Meneses,133,Athletics,ATH,1B,First Base,R,R
641680,Jonah Heim,133,Athletics,ATH,C,Catcher,S,R
660761,José Suarez,133,Athletics,ATH,P,Pitcher,L,L
686993,Justin Sterner,133,Athletics,ATH,P,Pitcher,R,R
671732,Lawrence Butler,133,Athletics,ATH,RF,Outfielder,L,R
665622,Luis Medina,133,Athletics,ATH,P,Pitcher,R,R
686930,Mason Barnett,133,Athletics,ATH,P,Pitcher,R,R
640454,Matt Krook,133,Athletics,ATH,P,Pitcher,L,L
691777,Max Muncy,133,Athletics,ATH,3B,Third Base,R,R
701762,Nick Kurtz,133,Athletics,ATH,1B,First Base,L,L
669127,Shea Langeliers,133,Athletics,ATH,C,Catcher,R,R
691016,Tyler Soderstrom,133,Athletics,ATH,LF,Outfielder,L,R
695257,Billy Cook,134,Pittsburgh Pirates,PIT,RF,Outfielder,R,R
684049,Brandan Bidois,134,Pittsburgh Pirates,PIT,P,Pitcher,R,R
664040,Brandon Lowe,134,Pittsburgh Pirates,PIT,2B,Second Base,L,R
677952,Braxton Ashcraft,134,Pittsburgh Pirates,PIT,P,Pitcher,L,R
668804,Bryan Reynolds,134,Pittsburgh Pirates,PIT,LF,Outfielder,S,R
696149,Bubba Chandler,134,Pittsburgh Pirates,PIT,P,Pitcher,S,R
669387,Carmen Mlodzinski,134,Pittsburgh Pirates,PIT,P,Pitcher,R,R
642701,Dennis Santana,134,Pittsburgh Pirates,PIT,P,Pitcher,R,R
682848,Endy Rodríguez,134,Pittsburgh Pirates,PIT,C,Catcher,S,R
699013,Esmerlyn Valdez,134,Pittsburgh Pirates,PIT,RF,Outfielder,R,R
681895,Evan Sisk,134,Pittsburgh Pirates,PIT,P,Pitcher,L,L
642397,Gregory Soto,134,Pittsburgh Pirates,PIT,P,Pitcher,L,L
680779,Henry Davis,134,Pittsburgh Pirates,PIT,C,Catcher,R,R
676755,Isaac Mattson,134,Pittsburgh Pirates,PIT,P,Pitcher,R,R
663968,Jake Mangum,134,Pittsburgh Pirates,PIT,LF,Outfielder,S,L
683003,Jared Jones,134,Pittsburgh Pirates,PIT,P,Pitcher,L,R
669707,Jared Triolo,134,Pittsburgh Pirates,PIT,SS,Shortstop,R,R
804606,Konnor Griffin,134,Pittsburgh Pirates,PIT,SS,Shortstop,R,R
542303,Marcell Ozuna,134,Pittsburgh Pirates,PIT,DH,Designated Hitter,R,R
682254,Mason Montgomery,134,Pittsburgh Pirates,PIT,P,Pitcher,L,L
656605,Mitch Keller,134,Pittsburgh Pirates,PIT,P,Pitcher,R,R
693304,Nick Gonzales,134,Pittsburgh Pirates,PIT,3B,Third Base,R,R
694973,Paul Skenes,134,Pittsburgh Pirates,PIT,P,Pitcher,R,R
656811,Ryan O'Hearn,134,Pittsburgh Pirates,PIT,RF,Outfielder,L,L
682997,Tyler Callihan,134,Pittsburgh Pirates,PIT,LF,Outfielder,L,R
670990,Yohan Ramírez,134,Pittsburgh Pirates,PIT,P,Pitcher,R,R
670970,Adrian Morejon,135,San Diego Padres,SD,P,Pitcher,L,L
699134,Bradgley Rodriguez,135,San Diego Padres,SD,P,Pitcher,R,R
665487,Fernando Tatis Jr.,135,San Diego Padres,SD,RF,Outfielder,R,R
666023,Freddy Fermin,135,San Diego Padres,SD,C,Catcher,R,R
657757,Gavin Sheets,135,San Diego Padres,SD,1B,First Base,L,L
656288,Griffin Canning,135,San Diego Padres,SD,P,Pitcher,R,R
676664,JP Sears,135,San Diego Padres,SD,P,Pitcher,R,L
701538,Jackson Merrill,135,San Diego Padres,SD,CF,Outfielder,L,R
630105,Jake Cronenworth,135,San Diego Padres,SD,2B,Second Base,L,R
687749,Jase Bowen,135,San Diego Padres,SD,RF,Outfielder,R,R
592094,Jason Adam,135,San Diego Padres,SD,P,Pitcher,R,R
606996,Kyle Hart,135,San Diego Padres,SD,P,Pitcher,L,L
592518,Manny Machado,135,San Diego Padres,SD,3B,Third Base,R,R
695243,Mason Miller,135,San Diego Padres,SD,P,Pitcher,R,R
650633,Michael King,135,San Diego Padres,SD,P,Pitcher,R,R
609280,Miguel Andujar,135,San Diego Padres,SD,DH,Designated Hitter,R,R
681190,Randy Vásquez,135,San Diego Padres,SD,P,Pitcher,R,R
660710,Rodolfo Durán,135,San Diego Padres,SD,C,Catcher,R,R
676760,Ron Marinaccio,135,San Diego Padres,SD,P,Pitcher,R,R
669392,Samad Taylor,135,San Diego Padres,SD,LF,Outfielder,R,R
823550,Sung-Mun Song,135,San Diego Padres,SD,2B,Second Base,L,R
664034,Ty France,135,San Diego Padres,SD,1B,First Base,R,R
621111,Walker Buehler,135,San Diego Padres,SD,P,Pitcher,R,R
593974,Wandy Peralta,135,San Diego Padres,SD,P,Pitcher,L,L
593428,Xander Bogaerts,135,San Diego Padres,SD,SS,Shortstop,R,R
673513,Yuki Matsui,135,San Diego Padres,SD,P,Pitcher,L,L
662253,Andrés Muñoz,136,Seattle Mariners,SEA,P,Pitcher,R,R
693433,Bryan Woo,136,Seattle Mariners,SEA,P,Pitcher,,
682243,Bryce Miller,136,Seattle Mariners,SEA,P,Pitcher,,
663728,Cal Raleigh,136,Seattle Mariners,SEA,C,Catcher,,
702284,Cole Young,136,Seattle Mariners,SEA,2B,Second Base,L,R
806068,Colt Emerson,136,Seattle Mariners,SEA,3B,Third Base,L,R
686527,Dominic Canzone,136,Seattle Mariners,SEA,DH,Designated Hitter,L,R
660825,Eduard Bazardo,136,Seattle Mariners,SEA,P,Pitcher,R,R
676106,Emerson Hancock,136,Seattle Mariners,SEA,P,Pitcher,R,R
642100,Gabe Speier,136,Seattle Mariners,SEA,P,Pitcher,L,L
669923,George Kirby,136,Seattle Mariners,SEA,P,Pitcher,R,R
641487,J.P. Crawford,136,Seattle Mariners,SEA,SS,Shortstop,L,R
678606,José A. Ferrer,136,Seattle Mariners,SEA,P,Pitcher,L,L
647304,Josh Naylor,136,Seattle Mariners,SEA,1B,First Base,L,L
681006,Josh Simpson,136,Seattle Mariners,SEA,P,Pitcher,L,L
677594,Julio Rodríguez,136,Seattle Mariners,SEA,CF,Outfielder,R,R
669302,Logan Gilbert,136,Seattle Mariners,SEA,P,Pitcher,R,R
622491,Luis Castillo,136,Seattle Mariners,SEA,P,Pitcher,R,R
670042,Luke Raley,136,Seattle Mariners,SEA,RF,Outfielder,L,R
621074,Michael Rucker,136,Seattle Mariners,SEA,P,Pitcher,R,R
641598,Mitch Garver,136,Seattle Mariners,SEA,C,Catcher,R,R
689546,Nick Davila,136,Seattle Mariners,SEA,P,Pitcher,R,R
668227,Randy Arozarena,136,Seattle Mariners,SEA,LF,Outfielder,R,R
608701,Rob Refsnyder,136,Seattle Mariners,SEA,DH,Designated Hitter,R,R
645302,Victor Robles,136,Seattle Mariners,SEA,RF,Outfielder,R,R
642215,Weston Wilson,136,Seattle Mariners,SEA,3B,Third Base,R,R
605288,Adrian Houser,137,San Francisco Giants,SF,P,Pitcher,R,R
805811,Bryce Eldridge,137,San Francisco Giants,SF,DH,Designated Hitter,L,R
668873,Caleb Kilian,137,San Francisco Giants,SF,P,Pitcher,R,R
669477,Casey Schmitt,137,San Francisco Giants,SF,LF,Outfielder,R,R
701852,Drew Cavanaugh,137,San Francisco Giants,SF,C,Catcher,L,R
687551,Drew Gilbert,137,San Francisco Giants,SF,CF,Outfielder,L,L
681916,Dylan Smith,137,San Francisco Giants,SF,P,Pitcher,R,R
606992,Eric Haase,137,San Francisco Giants,SF,C,Catcher,R,R
669062,Erik Miller,137,San Francisco Giants,SF,P,Pitcher,L,L
671218,Heliot Ramos,137,San Francisco Giants,SF,LF,Outfielder,R,R
664141,JT Brubaker,137,San Francisco Giants,SF,P,Pitcher,R,R
813841,Jonah Cox,137,San Francisco Giants,SF,CF,Outfielder,R,R
808982,Jung Hoo Lee,137,San Francisco Giants,SF,RF,Outfielder,L,R
694738,Landen Roupp,137,San Francisco Giants,SF,P,Pitcher,R,R
657277,Logan Webb,137,San Francisco Giants,SF,P,Pitcher,R,R
650333,Luis Arraez,137,San Francisco Giants,SF,2B,Second Base,L,R
656305,Matt Chapman,137,San Francisco Giants,SF,3B,Third Base,R,R
657424,Matt Gage,137,San Francisco Giants,SF,P,Pitcher,L,L
646240,Rafael Devers,137,San Francisco Giants,SF,1B,First Base,L,R
592662,Robbie Ray,137,San Francisco Giants,SF,P,Pitcher,L,L
676254,Ryan Walker,137,San Francisco Giants,SF,P,Pitcher,R,R
656529,Sam Hentges,137,San Francisco Giants,SF,P,Pitcher,L,L
686790,Trevor McDonald,137,San Francisco Giants,SF,P,Pitcher,R,R
641816,Tyler Mahle,137,San Francisco Giants,SF,P,Pitcher,R,R
682674,Victor Bericoto,137,San Francisco Giants,SF,RF,Outfielder,R,R
642715,Willy Adames,137,San Francisco Giants,SF,SS,Shortstop,R,R
676475,Alec Burleson,138,St. Louis Cardinals,STL,1B,First Base,L,L
669467,Andre Pallante,138,St. Louis Cardinals,STL,P,Pitcher,R,R
691458,Blaze Jordan,138,St. Louis Cardinals,STL,3B,Third Base,R,R
663494,Bryan Torres,138,St. Louis Cardinals,STL,LF,Outfielder,L,R
669160,Dustin May,138,St. Louis Cardinals,STL,P,Pitcher,R,R
666277,George Soriano,138,St. Louis Cardinals,STL,P,Pitcher,R,R
700669,Gordon Graceffo,138,St. Louis Cardinals,STL,P,Pitcher,R,R
671056,Iván Herrera,138,St. Louis Cardinals,STL,DH,Designated Hitter,R,R
802139,JJ Wetherholt,138,St. Louis Cardinals,STL,2B,Second Base,L,R
699625,Jimmy Crooks,138,St. Louis Cardinals,STL,C,Catcher,L,R
668941,JoJo Romero,138,St. Louis Cardinals,STL,P,Pitcher,L,L
691023,Jordan Walker,138,St. Louis Cardinals,STL,RF,Outfielder,R,R
665877,José Fermín,138,St. Louis Cardinals,STL,LF,Outfielder,R,R
677865,Justin Bruihl,138,St. Louis Cardinals,STL,P,Pitcher,L,L
681517,Kyle Leahy,138,St. Louis Cardinals,STL,P,Pitcher,S,R
663457,Lars Nootbaar,138,St. Louis Cardinals,STL,LF,Outfielder,L,R
691026,Masyn Winn,138,St. Louis Cardinals,STL,SS,Shortstop,R,R
694335,Matt Svanson,138,St. Louis Cardinals,STL,P,Pitcher,R,R
669461,Matthew Liberatore,138,St. Louis Cardinals,STL,P,Pitcher,L,L
691008,Max Rajcic,138,St. Louis Cardinals,STL,P,Pitcher,R,R
700241,Michael McGreevy,138,St. Louis Cardinals,STL,P,Pitcher,L,R
701675,Nathan Church,138,St. Louis Cardinals,STL,LF,Outfielder,L,L
676369,Nelson Velázquez,138,St. Louis Cardinals,STL,LF,Outfielder,R,R
686780,Pedro Pagés,138,St. Louis Cardinals,STL,C,Catcher,R,R
676617,Riley O'Brien,138,St. Louis Cardinals,STL,P,Pitcher,R,R
592773,Ryne Stanek,138,St. Louis Cardinals,STL,P,Pitcher,R,R
810938,Ben Williamson,139,Tampa Bay Rays,TB,2B,Second Base,R,R
641329,Bryan Baker,139,Tampa Bay Rays,TB,P,Pitcher,R,R
592155,Cam Booser,139,Tampa Bay Rays,TB,P,Pitcher,L,L
668984,Casey Legumina,139,Tampa Bay Rays,TB,P,Pitcher,R,R
656775,Cedric Mullins,139,Tampa Bay Rays,TB,CF,Outfielder,L,L
802415,Chandler Simpson,139,Tampa Bay Rays,TB,LF,Outfielder,L,R
642121,Cole Sulser,139,Tampa Bay Rays,TB,P,Pitcher,R,R
518886,Craig Kimbrel,139,Tampa Bay Rays,TB,P,Pitcher,R,R
656876,Drew Rasmussen,139,Tampa Bay Rays,TB,P,Pitcher,R,R
664076,Garrett Cleavinger,139,Tampa Bay Rays,TB,P,Pitcher,R,L
643377,Griffin Jax,139,Tampa Bay Rays,TB,P,Pitcher,R,R
676439,Hunter Feduccia,139,Tampa Bay Rays,TB,C,Catcher,L,R
693855,Ian Seymour,139,Tampa Bay Rays,TB,P,Pitcher,L,L
666018,Jonathan Aranda,139,Tampa Bay Rays,TB,1B,First Base,L,R
676356,Jonny DeLuca,139,Tampa Bay Rays,TB,RF,Outfielder,R,R
691406,Junior Caminero,139,Tampa Bay Rays,TB,3B,Third Base,R,R
687330,Kevin Kelly,139,Tampa Bay Rays,TB,P,Pitcher,R,R
663743,Nick Fortes,139,Tampa Bay Rays,TB,C,Catcher,R,R
607259,Nick Martinez,139,Tampa Bay Rays,TB,P,Pitcher,L,R
680700,Richie Palacios,139,Tampa Bay Rays,TB,2B,Second Base,L,R
668723,Ryan Vilade,139,Tampa Bay Rays,TB,RF,Outfielder,R,R
663556,Shane McClanahan,139,Tampa Bay Rays,TB,P,Pitcher,L,L
670764,Taylor Walls,139,Tampa Bay Rays,TB,SS,Shortstop,S,R
694680,Trevor Martin,139,Tampa Bay Rays,TB,P,Pitcher,R,R
683748,Victor Mesa Jr.,139,Tampa Bay Rays,TB,RF,Outfielder,L,L
650490,Yandy Díaz,139,Tampa Bay Rays,TB,DH,Designated Hitter,R,R
696030,Alejandro Osuna,140,Texas Rangers,TEX,LF,Outfielder,L,L
607043,Brandon Nimmo,140,Texas Rangers,TEX,RF,Outfielder,L,R
615698,Cal Quantrill,140,Texas Rangers,TEX,P,Pitcher,L,R
695508,Cameron Cauley,140,Texas Rangers,TEX,SS,Shortstop,R,R
663978,Chris Paddack,140,Texas Rangers,TEX,P,Pitcher,R,R
668390,Cole Winn,140,Texas Rangers,TEX,P,Pitcher,R,R
608369,Corey Seager,140,Texas Rangers,TEX,SS,Shortstop,L,R
553869,Elias Díaz,140,Texas Rangers,TEX,C,Catcher,R,R
694497,Evan Carter,140,Texas Rangers,TEX,CF,Outfielder,L,R
677649,Ezequiel Duran,140,Texas Rangers,TEX,SS,Shortstop,R,R
656641,Jacob Latz,140,Texas Rangers,TEX,P,Pitcher,R,L
594798,Jacob deGrom,140,Texas Rangers,TEX,P,Pitcher,L,R
669394,Jake Burger,140,Texas Rangers,TEX,1B,First Base,R,R
596001,Jakob Junis,140,Texas Rangers,TEX,P,Pitcher,R,R
592626,Joc Pederson,140,Texas Rangers,TEX,DH,Designated Hitter,L,L
673962,Josh Jung,140,Texas Rangers,TEX,3B,Third Base,R,R
679822,Justin Foscue,140,Texas Rangers,TEX,2B,Second Base,R,R
677958,Kumar Rocker,140,Texas Rangers,TEX,P,Pitcher,R,R
543309,Kyle Higashioka,140,Texas Rangers,TEX,C,Catcher,R,R
669022,MacKenzie Gore,140,Texas Rangers,TEX,P,Pitcher,L,L
543135,Nathan Eovaldi,140,Texas Rangers,TEX,P,Pitcher,R,R
670032,Nicky Lopez,140,Texas Rangers,TEX,2B,Second Base,L,R
682608,Peyton Gray,140,Texas Rangers,TEX,P,Pitcher,R,R
695239,Robby Ahlstrom,140,Texas Rangers,TEX,P,Pitcher,L,L
641302,Tyler Alexander,140,Texas Rangers,TEX,P,Pitcher,R,L
692437,Winston Santos,140,Texas Rangers,TEX,P,Pitcher,R,R
671936,Adam Macko,141,Toronto Blue Jays,TOR,P,Pitcher,L,L
672386,Alejandro Kirk,141,Toronto Blue Jays,TOR,C,Catcher,R,R
665926,Andrés Giménez,141,Toronto Blue Jays,TOR,SS,Shortstop,L,R
678218,Brandon Valenzuela,141,Toronto Blue Jays,TOR,C,Catcher,S,R
680755,Braydon Fisher,141,Toronto Blue Jays,TOR,P,Pitcher,R,R
662139,Daulton Varsho,141,Toronto Blue Jays,TOR,CF,Outfielder,L,R
656302,Dylan Cease,141,Toronto Blue Jays,TOR,P,Pitcher,R,R
676391,Ernie Clement,141,Toronto Blue Jays,TOR,2B,Second Base,R,R
543807,George Springer,141,Toronto Blue Jays,TOR,DH,Designated Hitter,R,R
656546,Jeff Hoffman,141,Toronto Blue Jays,TOR,P,Pitcher,R,R
672960,Kazuma Okamoto,141,Toronto Blue Jays,TOR,3B,Third Base,R,R
592332,Kevin Gausman,141,Toronto Blue Jays,TOR,P,Pitcher,L,R
686973,Louis Varland,141,Toronto Blue Jays,TOR,P,Pitcher,L,R
649966,Luis Urías,141,Toronto Blue Jays,TOR,SS,Shortstop,R,R
689254,Mason Fluharty,141,Toronto Blue Jays,TOR,P,Pitcher,R,L
664702,Myles Straw,141,Toronto Blue Jays,TOR,RF,Outfielder,R,R
664770,Nathan Lukes,141,Toronto Blue Jays,TOR,RF,Outfielder,L,R
571578,Patrick Corbin,141,Toronto Blue Jays,TOR,P,Pitcher,L,L
815873,Sean Keys,141,Toronto Blue Jays,TOR,3B,Third Base,L,R
669456,Shane Bieber,141,Toronto Blue Jays,TOR,P,Pitcher,R,R
693686,Spencer Miles,141,Toronto Blue Jays,TOR,P,Pitcher,L,R
667297,Tommy Nance,141,Toronto Blue Jays,TOR,P,Pitcher,R,R
702056,Trey Yesavage,141,Toronto Blue Jays,TOR,P,Pitcher,R,R
643511,Tyler Rogers,141,Toronto Blue Jays,TOR,P,Pitcher,R,R
665489,Vladimir Guerrero Jr.,141,Toronto Blue Jays,TOR,1B,First Base,R,R
682818,Yohendrick Piñango,141,Toronto Blue Jays,TOR,LF,Outfielder,L,L
656577,Alex Jackson,142,Minnesota Twins,MIN,C,Catcher,R,R
702193,Andrew Morris,142,Minnesota Twins,MIN,P,Pitcher,R,R
668885,Austin Martin,142,Minnesota Twins,MIN,RF,Outfielder,R,R
686797,Brooks Lee,142,Minnesota Twins,MIN,SS,Shortstop,S,R
621439,Byron Buxton,142,Minnesota Twins,MIN,CF,Outfielder,R,R
689520,Cody Laweryson,142,Minnesota Twins,MIN,P,Pitcher,L,R
687570,Connor Prielipp,142,Minnesota Twins,MIN,P,Pitcher,L,L
679358,Eric Orze,142,Minnesota Twins,MIN,P,Pitcher,R,R
657746,Joe Ryan,142,Minnesota Twins,MIN,P,Pitcher,R,R
605137,Josh Bell,142,Minnesota Twins,MIN,DH,Designated Hitter,S,R
665019,Kody Clemens,142,Minnesota Twins,MIN,1B,First Base,L,R
681892,Kody Funderburk,142,Minnesota Twins,MIN,P,Pitcher,L,L
693459,Kyler Fedko,142,Minnesota Twins,MIN,LF,Outfielder,R,R
807712,Luke Keaschall,142,Minnesota Twins,MIN,2B,Second Base,R,R
694397,Marco Raya,142,Minnesota Twins,MIN,P,Pitcher,R,R
702474,Mike Paredes,142,Minnesota Twins,MIN,P,Pitcher,R,R
668904,Royce Lewis,142,Minnesota Twins,MIN,3B,Third Base,R,R
668952,Ryan Kreidler,142,Minnesota Twins,MIN,CF,Outfielder,R,R
671737,Taj Bradley,142,Minnesota Twins,MIN,P,Pitcher,R,R
573124,Taylor Rogers,142,Minnesota Twins,MIN,P,Pitcher,L,L
701519,Travis Adams,142,Minnesota Twins,MIN,P,Pitcher,R,R
663616,Trevor Larnach,142,Minnesota Twins,MIN,LF,Outfielder,L,R
656484,Tristan Gray,142,Minnesota Twins,MIN,SS,Shortstop,L,R
605170,Victor Caratini,142,Minnesota Twins,MIN,C,Catcher,S,R
672782,Yoendrys Gómez,142,Minnesota Twins,MIN,P,Pitcher,R,R
805673,Zebby Matthews,142,Minnesota Twins,MIN,P,Pitcher,R,R
605400,Aaron Nola,143,Philadelphia Phillies,PHI,P,Pitcher,R,R
660604,Alan Rangel,143,Philadelphia Phillies,PHI,P,Pitcher,R,R
664761,Alec Bohm,143,Philadelphia Phillies,PHI,3B,Third Base,R,R
669016,Brandon Marsh,143,Philadelphia Phillies,PHI,LF,Outfielder,L,R
547180,Bryce Harper,143,Philadelphia Phillies,PHI,1B,First Base,L,R
681082,Bryson Stott,143,Philadelphia Phillies,PHI,2B,Second Base,L,R
663767,Chase Shugart,143,Philadelphia Phillies,PHI,P,Pitcher,L,R
650911,Cristopher Sánchez,143,Philadelphia Phillies,PHI,P,Pitcher,L,L
656537,Derek Hill,143,Philadelphia Phillies,PHI,RF,Outfielder,R,R
624641,Edmundo Sosa,143,Philadelphia Phillies,PHI,2B,Second Base,R,R
687282,Gabriel Rincones Jr.,143,Philadelphia Phillies,PHI,RF,Outfielder,L,R
596117,Garrett Stubbs,143,Philadelphia Phillies,PHI,C,Catcher,L,R
592663,J.T. Realmuto,143,Philadelphia Phillies,PHI,C,Catcher,R,R
666200,Jesús Luzardo,143,Philadelphia Phillies,PHI,P,Pitcher,L,L
661395,Jhoan Duran,143,Philadelphia Phillies,PHI,P,Pitcher,R,R
680742,Jonathan Bowlan,143,Philadelphia Phillies,PHI,P,Pitcher,R,R
621237,José Alvarado,143,Philadelphia Phillies,PHI,P,Pitcher,L,L
702222,Justin Crawford,143,Philadelphia Phillies,PHI,CF,Outfielder,L,R
679775,Kyle Backhus,143,Philadelphia Phillies,PHI,P,Pitcher,L,L
656941,Kyle Schwarber,143,Philadelphia Phillies,PHI,DH,Designated Hitter,L,R
689147,Orion Kerkering,143,Philadelphia Phillies,PHI,P,Pitcher,R,R
665561,Rafael Marchán,143,Philadelphia Phillies,PHI,C,Catcher,S,R
686751,Seth Johnson,143,Philadelphia Phillies,PHI,P,Pitcher,R,R
641835,Tim Mayza,143,Philadelphia Phillies,PHI,P,Pitcher,L,L
607208,Trea Turner,143,Philadelphia Phillies,PHI,SS,Shortstop,R,R
554430,Zack Wheeler,143,Philadelphia Phillies,PHI,P,Pitcher,L,R
663586,Austin Riley,144,Atlanta Braves,ATL,3B,Third Base,R,R
693821,Bryce Elder,144,Atlanta Braves,ATL,P,Pitcher,R,R
519242,Chris Sale,144,Atlanta Braves,ATL,P,Pitcher,L,L
800311,Didier Fuentes,144,Atlanta Braves,ATL,P,Pitcher,R,R
642086,Dominic Smith,144,Atlanta Braves,ATL,DH,Designated Hitter,L,L
686948,Drake Baldwin,144,Atlanta Braves,ATL,C,Catcher,L,R
689266,Dylan Dodd,144,Atlanta Braves,ATL,P,Pitcher,L,L
669276,Dylan Lee,144,Atlanta Braves,ATL,P,Pitcher,L,L
642201,Eli White,144,Atlanta Braves,ATL,RF,Outfielder,R,R
656550,Grant Holmes,144,Atlanta Braves,ATL,P,Pitcher,L,R
673490,Ha-Seong Kim,144,Atlanta Braves,ATL,SS,Shortstop,R,R
694462,Hurston Waldrep,144,Atlanta Braves,ATL,P,Pitcher,R,R
641656,Ian Hamilton,144,Atlanta Braves,ATL,P,Pitcher,R,R
675916,James Karinchak,144,Atlanta Braves,ATL,P,Pitcher,R,R
663698,Joey Bart,144,Atlanta Braves,ATL,C,Catcher,R,R
622761,Jorge Mateo,144,Atlanta Braves,ATL,SS,Shortstop,R,R
527048,Martín Pérez,144,Atlanta Braves,ATL,P,Pitcher,L,L
621566,Matt Olson,144,Atlanta Braves,ATL,1B,First Base,L,R
643289,Mauricio Dubón,144,Atlanta Braves,ATL,SS,Shortstop,R,R
671739,Michael Harris II,144,Atlanta Braves,ATL,CF,Outfielder,L,L
573262,Mike Yastrzemski,144,Atlanta Braves,ATL,LF,Outfielder,L,L
645277,Ozzie Albies,144,Atlanta Braves,ATL,2B,Second Base,S,R
628452,Raisel Iglesias,144,Atlanta Braves,ATL,P,Pitcher,R,R
625643,Reynaldo López,144,Atlanta Braves,ATL,P,Pitcher,R,R
642133,Rowdy Tellez,144,Atlanta Braves,ATL,1B,First Base,L,L
641755,Tyler Kinley,144,Atlanta Braves,ATL,P,Pitcher,R,R
643217,Andrew Benintendi,145,Chicago White Sox,CWS,DH,Designated Hitter,L,L
641743,Anthony Kay,145,Chicago White Sox,CWS,P,Pitcher,L,L
695731,Braden Montgomery,145,Chicago White Sox,CWS,RF,Outfielder,S,R
685126,Brandon Eisert,145,Chicago White Sox,CWS,P,Pitcher,L,L
663542,Bryan Hudson,145,Chicago White Sox,CWS,P,Pitcher,L,L
805367,Chase Meidroth,145,Chicago White Sox,CWS,2B,Second Base,R,R
669684,Chris Murphy,145,Chicago White Sox,CWS,P,Pitcher,L,L
695657,Colson Montgomery,145,Chicago White Sox,CWS,SS,Shortstop,L,R
663436,Davis Martin,145,Chicago White Sox,CWS,P,Pitcher,L,R
691011,Drew Romo,145,Chicago White Sox,CWS,C,Catcher,S,R
607200,Erick Fedde,145,Chicago White Sox,CWS,P,Pitcher,R,R
691799,Grant Taylor,145,Chicago White Sox,CWS,P,Pitcher,R,R
694378,Jacob Gonzalez,145,Chicago White Sox,CWS,1B,First Base,L,R
663855,Jordan Hicks,145,Chicago White Sox,CWS,P,Pitcher,R,R
678577,Junior Perez,145,Chicago White Sox,CWS,CF,Outfielder,R,R
691019,Kyle Teel,145,Chicago White Sox,CWS,C,Catcher,L,R
682668,Luisangel Acuña,145,Chicago White Sox,CWS,CF,Outfielder,R,R
678246,Miguel Vargas,145,Chicago White Sox,CWS,3B,Third Base,R,R
545341,Randal Grichuk,145,Chicago White Sox,CWS,DH,Designated Hitter,R,R
803011,Sam Antonacci,145,Chicago White Sox,CWS,LF,Outfielder,L,R
680732,Sean Burke,145,Chicago White Sox,CWS,P,Pitcher,R,R
656794,Sean Newcomb,145,Chicago White Sox,CWS,P,Pitcher,L,L
622554,Seranthony Domínguez,145,Chicago White Sox,CWS,P,Pitcher,R,R
670950,Trevor Richards,145,Chicago White Sox,CWS,P,Pitcher,R,R
671976,Tristan Peters,145,Chicago White Sox,CWS,CF,Outfielder,L,R
805326,Tyler Schweitzer,145,Chicago White Sox,CWS,P,Pitcher,L,L
669622,Anthony Bender,146,Miami Marlins,MIA,P,Pitcher,R,R
640459,Brian Navarreto,146,Miami Marlins,MIA,C,Catcher,R,R
806188,Cade Gibson,146,Miami Marlins,MIA,P,Pitcher,L,L
676534,Calvin Faucher,146,Miami Marlins,MIA,P,Pitcher,R,R
665923,Esteury Ruiz,146,Miami Marlins,MIA,RF,Outfielder,R,R
691587,Eury Pérez,146,Miami Marlins,MIA,P,Pitcher,R,R
688363,Graham Pauley,146,Miami Marlins,MIA,3B,Third Base,L,R
665052,Griffin Conine,146,Miami Marlins,MIA,LF,Outfielder,L,R
681715,Heriberto Hernández,146,Miami Marlins,MIA,LF,Outfielder,R,R
805300,Jakob Marsee,146,Miami Marlins,MIA,CF,Outfielder,L,L
691594,Javier Sanoja,146,Miami Marlins,MIA,3B,Third Base,R,R
691788,Joe Mack,146,Miami Marlins,MIA,C,Catcher,L,R
667463,John King,146,Miami Marlins,MIA,P,Pitcher,L,L
669065,Kyle Stowers,146,Miami Marlins,MIA,LF,Outfielder,L,L
669199,Lake Bachar,146,Miami Marlins,MIA,P,Pitcher,R,R
677870,Leo Jiménez,146,Miami Marlins,MIA,3B,Third Base,R,R
676974,Max Meyer,146,Miami Marlins,MIA,P,Pitcher,L,R
656848,Michael Petersen,146,Miami Marlins,MIA,P,Pitcher,R,R
672640,Otto Lopez,146,Miami Marlins,MIA,SS,Shortstop,R,R
683357,Owen Caissie,146,Miami Marlins,MIA,RF,Outfielder,L,R
664126,Pete Fairbanks,146,Miami Marlins,MIA,P,Pitcher,R,R
687473,Ryan Gusto,146,Miami Marlins,MIA,P,Pitcher,R,R
645261,Sandy Alcantara,146,Miami Marlins,MIA,P,Pitcher,R,R
663969,Tyler Phillips,146,Miami Marlins,MIA,P,Pitcher,R,R
676604,Tyler Zuber,146,Miami Marlins,MIA,P,Pitcher,R,R
669364,Xavier Edwards,146,Miami Marlins,MIA,2B,Second Base,S,R
645305,Ali Sánchez,147,New York Yankees,NYY,C,Catcher,R,R
642708,Amed Rosario,147,New York Yankees,NYY,3B,Third Base,R,R
683011,Anthony Volpe,147,New York Yankees,NYY,SS,Shortstop,R,R
669224,Austin Wells,147,New York Yankees,NYY,C,Catcher,L,R
700250,Ben Rice,147,New York Yankees,NYY,1B,First Base,L,R
687396,Brent Headrick,147,New York Yankees,NYY,P,Pitcher,L,L
693645,Cam Schlittler,147,New York Yankees,NYY,P,Pitcher,R,R
666808,Camilo Doval,147,New York Yankees,NYY,P,Pitcher,R,R
607074,Carlos Rodón,147,New York Yankees,NYY,P,Pitcher,L,L
641355,Cody Bellinger,147,New York Yankees,NYY,LF,Outfielder,L,L
518585,Fernando Cruz,147,New York Yankees,NYY,P,Pitcher,R,R
543037,Gerrit Cole,147,New York Yankees,NYY,P,Pitcher,R,R
656234,Jake Bird,147,New York Yankees,NYY,P,Pitcher,R,R
691176,Jasson Domínguez,147,New York Yankees,NYY,RF,Outfielder,S,R
665862,Jazz Chisholm Jr.,147,New York Yankees,NYY,2B,Second Base,L,R
676609,José Caballero,147,New York Yankees,NYY,SS,Shortstop,R,R
680474,Max Schuemann,147,New York Yankees,NYY,SS,Shortstop,R,R
665828,Oswaldo Cabrera,147,New York Yankees,NYY,3B,Third Base,S,R
621112,Paul Blackburn,147,New York Yankees,NYY,P,Pitcher,R,R
502671,Paul Goldschmidt,147,New York Yankees,NYY,1B,First Base,R,R
677960,Ryan Weathers,147,New York Yankees,NYY,P,Pitcher,R,L
642232,Ryan Yarbrough,147,New York Yankees,NYY,P,Pitcher,R,L
682987,Spencer Jones,147,New York Yankees,NYY,RF,Outfielder,L,L
657612,Tim Hill,147,New York Yankees,NYY,P,Pitcher,R,L
701542,Will Warren,147,New York Yankees,NYY,P,Pitcher,R,R
660787,Yerry De los Santos,147,New York Yankees,NYY,P,Pitcher,R,R
676879,Aaron Ashby,158,Milwaukee Brewers,MIL,P,Pitcher,R,L
682842,Abner Uribe,158,Milwaukee Brewers,MIL,P,Pitcher,R,R
683734,Andrew Vaughn,158,Milwaukee Brewers,MIL,1B,First Base,R,R
663368,Blake Perkins,158,Milwaukee Brewers,MIL,CF,Outfielder,S,R
687075,Brandon Sproat,158,Milwaukee Brewers,MIL,P,Pitcher,R,R
605540,Brandon Woodruff,158,Milwaukee Brewers,MIL,P,Pitcher,L,R
668930,Brice Turang,158,Milwaukee Brewers,MIL,2B,Second Base,L,R
694477,Chad Patrick,158,Milwaukee Brewers,MIL,P,Pitcher,R,R
592885,Christian Yelich,158,Milwaukee Brewers,MIL,DH,Designated Hitter,L,R
806198,Cooper Pratt,158,Milwaukee Brewers,MIL,SS,Shortstop,R,R
666152,David Hamilton,158,Milwaukee Brewers,MIL,3B,Third Base,L,R
669003,Garrett Mitchell,158,Milwaukee Brewers,MIL,CF,Outfielder,L,R
596142,Gary Sánchez,158,Milwaukee Brewers,MIL,C,Catcher,R,R
681982,Grant Anderson,158,Milwaukee Brewers,MIL,P,Pitcher,R,R
694192,Jackson Chourio,158,Milwaukee Brewers,MIL,LF,Outfielder,R,R
694819,Jacob Misiorowski,158,Milwaukee Brewers,MIL,P,Pitcher,R,R
641343,Jake Bauers,158,Milwaukee Brewers,MIL,1B,First Base,L,L
657649,Jared Koenig,158,Milwaukee Brewers,MIL,P,Pitcher,R,L
669270,Joel Kuhnel,158,Milwaukee Brewers,MIL,P,Pitcher,R,R
687401,Joey Ortiz,158,Milwaukee Brewers,MIL,SS,Shortstop,R,R
690986,Kyle Harrison,158,Milwaukee Brewers,MIL,P,Pitcher,R,L
688107,Robert Gasser,158,Milwaukee Brewers,MIL,P,Pitcher,L,L
686217,Sal Frelick,158,Milwaukee Brewers,MIL,RF,Outfielder,L,R
675660,Shane Drohan,158,Milwaukee Brewers,MIL,P,Pitcher,L,L
656730,Trevor Megill,158,Milwaukee Brewers,MIL,P,Pitcher,L,R
661388,William Contreras,158,Milwaukee Brewers,MIL,C,Catcher,R,R
608718,Brent Suter,108,Los Angeles Angels,LAA,P,Pitcher,L,L
681217,Chase Silseth,108,Los Angeles Angels,LAA,P,Pitcher,R,R
694203,Denzer Guzman,108,Los Angeles Angels,LAA,3B,Third Base,R,R
622268,Donovan Walton,108,Los Angeles Angels,LAA,3B,Third Base,L,R
666176,Jo Adell,108,Los Angeles Angels,LAA,RF,Outfielder,R,R
624585,Jorge Soler,108,Los Angeles Angels,LAA,DH,Designated Hitter,R,R
820862,José Fermin,108,Los Angeles Angels,LAA,P,Pitcher,R,R
642350,Jose Siri,108,Los Angeles Angels,LAA,CF,Outfielder,R,R
667755,José Soriano,108,Los Angeles Angels,LAA,P,Pitcher,R,R
666139,Josh Lowe,108,Los Angeles Angels,LAA,LF,Outfielder,L,R
489446,Kirby Yates,108,Los Angeles Angels,LAA,P,Pitcher,L,R
681351,Logan O'Hoppe,108,Los Angeles Angels,LAA,C,Catcher,R,R
815083,Mitch Farris,108,Los Angeles Angels,LAA,P,Pitcher,L,L
694384,Nolan Schanuel,108,Los Angeles Angels,LAA,1B,First Base,L,R
672724,Oswald Peraza,108,Los Angeles Angels,LAA,2B,Second Base,R,R
672282,Reid Detmers,108,Los Angeles Angels,LAA,P,Pitcher,L,L
696270,Ryan Johnson,108,Los Angeles Angels,LAA,P,Pitcher,S,R
666171,Ryan Zeferjahn,108,Los Angeles Angels,LAA,P,Pitcher,R,R
691951,Sam Aldegheri,108,Los Angeles Angels,LAA,P,Pitcher,L,L
696147,Sam Bachman,108,Los Angeles Angels,LAA,P,Pitcher,R,R
696519,Samy Natera Jr.,108,Los Angeles Angels,LAA,P,Pitcher,L,L
623168,Tyler Heineman,108,Los Angeles Angels,LAA,C,Catcher,S,R
687093,Vaughn Grissom,108,Los Angeles Angels,LAA,2B,Second Base,R,R
685133,Wade Meckler,108,Los Angeles Angels,LAA,LF,Outfielder,L,R
700712,Walbert Ureña,108,Los Angeles Angels,LAA,P,Pitcher,R,R
687263,Zach Neto,108,Los Angeles Angels,LAA,SS,Shortstop,R,R
680728,Adrian Del Castillo,109,Arizona Diamondbacks,AZ,DH,Designated Hitter,L,R
805299,Brandyn Garcia,109,Arizona Diamondbacks,AZ,P,Pitcher,L,L
682998,Corbin Carroll,109,Arizona Diamondbacks,AZ,RF,Outfielder,L,L
686753,Drey Jameson,109,Arizona Diamondbacks,AZ,P,Pitcher,R,R
593958,Eduardo Rodriguez,109,Arizona Diamondbacks,AZ,P,Pitcher,L,L
672515,Gabriel Moreno,109,Arizona Diamondbacks,AZ,C,Catcher,R,R
672695,Geraldo Perdomo,109,Arizona Diamondbacks,AZ,SS,Shortstop,S,R
545121,Ildemaro Vargas,109,Arizona Diamondbacks,AZ,1B,First Base,S,R
642528,Jonathan Loáisiga,109,Arizona Diamondbacks,AZ,P,Pitcher,R,R
678489,Jorge Barrosa,109,Arizona Diamondbacks,AZ,CF,Outfielder,S,L
703615,Jose Cabrera,109,Arizona Diamondbacks,AZ,P,Pitcher,R,R
686228,Juan Burgos,109,Arizona Diamondbacks,AZ,P,Pitcher,R,R
666661,Juan Morillo,109,Arizona Diamondbacks,AZ,P,Pitcher,R,R
606466,Ketel Marte,109,Arizona Diamondbacks,AZ,2B,Second Base,S,R
656464,Kevin Ginkel,109,Arizona Diamondbacks,AZ,P,Pitcher,L,R
666971,Lourdes Gurriel Jr.,109,Arizona Diamondbacks,AZ,LF,Outfielder,R,R
694410,LuJames Groover,109,Arizona Diamondbacks,AZ,1B,First Base,R,R
596146,Max Kepler,109,Arizona Diamondbacks,AZ,LF,Outfielder,L,L
518876,Merrill Kelly,109,Arizona Diamondbacks,AZ,P,Pitcher,R,R
571448,Nolan Arenado,109,Arizona Diamondbacks,AZ,3B,Third Base,R,R
623149,Paul Sewald,109,Arizona Diamondbacks,AZ,P,Pitcher,R,R
656976,Pavin Smith,109,Arizona Diamondbacks,AZ,DH,Designated Hitter,L,L
657044,Ryan Thompson,109,Arizona Diamondbacks,AZ,P,Pitcher,R,R
664199,Taylor Clarke,109,Arizona Diamondbacks,AZ,P,Pitcher,R,R
694371,Tommy Troy,109,Arizona Diamondbacks,AZ,LF,Outfielder,R,R
668678,Zac Gallen,109,Arizona Diamondbacks,AZ,P,Pitcher,R,R
668939,Adley Rutschman,110,Baltimore Orioles,BAL,C,Catcher,S,R
544150,Albert Suárez,110,Baltimore Orioles,BAL,P,Pitcher,R,R
552640,Andrew Kittredge,110,Baltimore Orioles,BAL,P,Pitcher,R,R
677942,Blaze Alexander,110,Baltimore Orioles,BAL,3B,Third Base,R,R
687064,Brandon Young,110,Baltimore Orioles,BAL,P,Pitcher,R,R
644433,Chadwick Tromp,110,Baltimore Orioles,BAL,C,Catcher,R,R
691723,Coby Mayo,110,Baltimore Orioles,BAL,3B,Third Base,R,R
681297,Colton Cowser,110,Baltimore Orioles,BAL,CF,Outfielder,L,R
687637,Dylan Beavers,110,Baltimore Orioles,BAL,RF,Outfielder,L,R
664991,Grant Wolfram,110,Baltimore Orioles,BAL,P,Pitcher,L,L
683002,Gunnar Henderson,110,Baltimore Orioles,BAL,SS,Shortstop,L,R
702616,Jackson Holliday,110,Baltimore Orioles,BAL,2B,Second Base,L,R
669211,Keegan Akin,110,Baltimore Orioles,BAL,P,Pitcher,L,L
680694,Kyle Bradish,110,Baltimore Orioles,BAL,P,Pitcher,R,R
665750,Leody Taveras,110,Baltimore Orioles,BAL,CF,Outfielder,S,R
624413,Pete Alonso,110,Baltimore Orioles,BAL,1B,First Base,R,R
670329,Rico Garcia,110,Baltimore Orioles,BAL,P,Pitcher,R,R
664854,Ryan Helsley,110,Baltimore Orioles,BAL,P,Pitcher,R,R
694212,Samuel Basallo,110,Baltimore Orioles,BAL,C,Catcher,L,R
669358,Shane Baz,110,Baltimore Orioles,BAL,P,Pitcher,R,R
621493,Taylor Ward,110,Baltimore Orioles,BAL,LF,Outfielder,R,R
669432,Trevor Rogers,110,Baltimore Orioles,BAL,P,Pitcher,L,L
694346,Trey Gibson,110,Baltimore Orioles,BAL,P,Pitcher,R,R
641933,Tyler O'Neill,110,Baltimore Orioles,BAL,RF,Outfielder,R,R
669330,Tyler Wells,110,Baltimore Orioles,BAL,P,Pitcher,R,R
666974,Yennier Cano,110,Baltimore Orioles,BAL,P,Pitcher,R,R
655316,Andruw Monasterio,111,Boston Red Sox,BOS,SS,Shortstop,R,R
678011,Anthony Seigler,111,Boston Red Sox,BOS,2B,Second Base,S,S
547973,Aroldis Chapman,111,Boston Red Sox,BOS,P,Pitcher,L,L
702332,Caleb Durbin,111,Boston Red Sox,BOS,3B,Third Base,R,R
665966,Carlos Narváez,111,Boston Red Sox,BOS,C,Catcher,R,R
678882,Ceddanne Rafaela,111,Boston Red Sox,BOS,CF,Outfielder,R,R
813349,Connelly Early,111,Boston Red Sox,BOS,P,Pitcher,L,L
657136,Connor Wong,111,Boston Red Sox,BOS,C,Catcher,R,R
543056,Danny Coulombe,111,Boston Red Sox,BOS,P,Pitcher,L,L
676477,Garrett Whitlock,111,Boston Red Sox,BOS,P,Pitcher,R,R
669711,Greg Weissert,111,Boston Red Sox,BOS,P,Pitcher,R,R
687562,Jake Bennett,111,Boston Red Sox,BOS,P,Pitcher,L,L
680776,Jarren Duran,111,Boston Red Sox,BOS,LF,Outfielder,L,R
686580,Justin Slaten,111,Boston Red Sox,BOS,P,Pitcher,R,R
807799,Masataka Yoshida,111,Boston Red Sox,BOS,DH,Designated Hitter,L,R
681987,Nate Eaton,111,Boston Red Sox,BOS,OF,Outfield,R,R
801139,Payton Tolle,111,Boston Red Sox,BOS,P,Pitcher,L,L
624133,Ranger Suarez,111,Boston Red Sox,BOS,P,Pitcher,L,L
663853,Romy Gonzalez,111,Boston Red Sox,BOS,1B,First Base,R,R
670245,Ryan Watson,111,Boston Red Sox,BOS,P,Pitcher,R,R
543243,Sonny Gray,111,Boston Red Sox,BOS,P,Pitcher,R,R
592454,Tommy Kahnle,111,Boston Red Sox,BOS,P,Pitcher,R,R
691907,Tsung-Che Cheng,111,Boston Red Sox,BOS,SS,Shortstop,L,R
594027,Tyron Guerrero,111,Boston Red Sox,BOS,P,Pitcher,R,R
575929,Willson Contreras,111,Boston Red Sox,BOS,1B,First Base,R,R
677800,Wilyer Abreu,111,Boston Red Sox,BOS,RF,Outfielder,L,L
608324,Alex Bregman,112,Chicago Cubs,CHC,3B,Third Base,R,R
669060,Bryse Wilson,112,Chicago Cubs,CHC,P,Pitcher,R,R
573204,Caleb Thielbar,112,Chicago Cubs,CHC,P,Pitcher,R,L
608348,Carson Kelly,112,Chicago Cubs,CHC,C,Catcher,R,R
607067,Colin Rea,112,Chicago Cubs,CHC,P,Pitcher,R,R
621020,Dansby Swanson,112,Chicago Cubs,CHC,SS,Shortstop,R,R
656849,David Peterson,112,Chicago Cubs,CHC,P,Pitcher,L,L
681799,Ethan Roberts,112,Chicago Cubs,CHC,P,Pitcher,R,R
664023,Ian Happ,112,Chicago Cubs,CHC,LF,Outfielder,S,R
657097,Jacob Webb,112,Chicago Cubs,CHC,P,Pitcher,R,R
665871,Javier Assad,112,Chicago Cubs,CHC,P,Pitcher,R,R
696136,Jordan Wicks,112,Chicago Cubs,CHC,P,Pitcher,L,L
681909,Justin Dean,112,Chicago Cubs,CHC,CF,Outfielder,R,R
807713,Matt Shaw,112,Chicago Cubs,CHC,RF,Outfielder,R,R
571510,Matthew Boyd,112,Chicago Cubs,CHC,P,Pitcher,L,L
683737,Michael Busch,112,Chicago Cubs,CHC,1B,First Base,L,R
624424,Michael Conforto,112,Chicago Cubs,CHC,DH,Designated Hitter,L,R
665804,Miguel Amaya,112,Chicago Cubs,CHC,C,Catcher,R,R
663538,Nico Hoerner,112,Chicago Cubs,CHC,2B,Second Base,R,R
699393,Pedro Ramírez,112,Chicago Cubs,CHC,2B,Second Base,S,R
691718,Pete Crow-Armstrong,112,Chicago Cubs,CHC,CF,Outfielder,L,L
669020,Ryan Rolison,112,Chicago Cubs,CHC,P,Pitcher,R,L
673548,Seiya Suzuki,112,Chicago Cubs,CHC,RF,Outfielder,R,R
684007,Shota Imanaga,112,Chicago Cubs,CHC,P,Pitcher,L,L
663423,Trent Thornton,112,Chicago Cubs,CHC,P,Pitcher,R,R
621053,Tyler Ferguson,112,Chicago Cubs,CHC,P,Pitcher,R,R
671096,Andrew Abbott,113,Cincinnati Reds,CIN,P,Pitcher,L,L
663903,Brady Singer,113,Cincinnati Reds,CIN,P,Pitcher,R,R
656271,Brock Burke,113,Cincinnati Reds,CIN,P,Pitcher,L,L
657571,Caleb Ferguson,113,Cincinnati Reds,CIN,P,Pitcher,R,L
695505,Chase Burns,113,Cincinnati Reds,CIN,P,Pitcher,R,R
695534,Chase Petty,113,Cincinnati Reds,CIN,P,Pitcher,R,R
667472,Dane Myers,113,Cincinnati Reds,CIN,CF,Outfielder,R,R
695490,Edwin Arroyo,113,Cincinnati Reds,CIN,2B,Second Base,S,R
682829,Elly De La Cruz,113,Cincinnati Reds,CIN,SS,Shortstop,S,R
553993,Eugenio Suárez,113,Cincinnati Reds,CIN,DH,Designated Hitter,R,R
668709,JJ Bleday,113,Cincinnati Reds,CIN,LF,Outfielder,L,L
624431,Jose Trevino,113,Cincinnati Reds,CIN,C,Catcher,R,R
670062,Julian Garcia,113,Cincinnati Reds,CIN,P,Pitcher,L,R
680574,Matt McLain,113,Cincinnati Reds,CIN,2B,Second Base,R,R
663993,Nathaniel Lowe,113,Cincinnati Reds,CIN,DH,Designated Hitter,L,R
666157,Nick Lodolo,113,Cincinnati Reds,CIN,P,Pitcher,L,L
682622,Noelvi Marte,113,Cincinnati Reds,CIN,RF,Outfielder,R,R
572955,Pierce Johnson,113,Cincinnati Reds,CIN,P,Pitcher,R,R
695076,Rhett Lowder,113,Cincinnati Reds,CIN,P,Pitcher,R,R
701398,Sal Stewart,113,Cincinnati Reds,CIN,1B,First Base,R,R
594580,Sam Moll,113,Cincinnati Reds,CIN,P,Pitcher,L,L
668715,Spencer Steer,113,Cincinnati Reds,CIN,LF,Outfielder,R,R
670770,TJ Friedl,113,Cincinnati Reds,CIN,CF,Outfielder,L,L
622088,Tejay Antone,113,Cincinnati Reds,CIN,P,Pitcher,R,R
663886,Tyler Stephenson,113,Cincinnati Reds,CIN,C,Catcher,R,R
685112,Zach McCambley,113,Cincinnati Reds,CIN,P,Pitcher,L,R
595978,Austin Hedges,114,Cleveland Guardians,CLE,C,Catcher,R,R
677587,Brayan Rocchio,114,Cleveland Guardians,CLE,SS,Shortstop,S,R
671922,Cade Smith,114,Cleveland Guardians,CLE,P,Pitcher,R,R
800050,Chase DeLauter,114,Cleveland Guardians,CLE,RF,Outfielder,L,L
670059,Colin Holderman,114,Cleveland Guardians,CLE,P,Pitcher,R,R
694876,Cooper Ingle,114,Cleveland Guardians,CLE,C,Catcher,L,R
682982,Daniel Espino,114,Cleveland Guardians,CLE,P,Pitcher,R,R
682177,Daniel Schneemann,114,Cleveland Guardians,CLE,CF,Outfielder,L,R
681807,David Fry,114,Cleveland Guardians,CLE,RF,Outfielder,R,R
681870,Erik Sabrowski,114,Cleveland Guardians,CLE,P,Pitcher,R,L
672356,Gabriel Arias,114,Cleveland Guardians,CLE,SS,Shortstop,R,R
668909,Gavin Williams,114,Cleveland Guardians,CLE,P,Pitcher,L,R
683769,Hunter Gaddis,114,Cleveland Guardians,CLE,P,Pitcher,R,R
676282,Joey Cantillo,114,Cleveland Guardians,CLE,P,Pitcher,L,L
696135,Kahlil Watson,114,Cleveland Guardians,CLE,RF,Outfielder,L,R
700932,Kyle Manzardo,114,Cleveland Guardians,CLE,1B,First Base,L,R
670036,Matt Festa,114,Cleveland Guardians,CLE,P,Pitcher,R,R
800048,Parker Messick,114,Cleveland Guardians,CLE,P,Pitcher,L,L
672275,Patrick Bailey,114,Cleveland Guardians,CLE,C,Catcher,S,R
656555,Rhys Hoskins,114,Cleveland Guardians,CLE,1B,First Base,R,R
542888,Shawn Armstrong,114,Cleveland Guardians,CLE,P,Pitcher,R,R
677944,Slade Cecconi,114,Cleveland Guardians,CLE,P,Pitcher,R,R
680757,Steven Kwan,114,Cleveland Guardians,CLE,CF,Outfielder,L,L
676440,Tanner Bibee,114,Cleveland Guardians,CLE,P,Pitcher,R,R
682120,Tim Herrin,114,Cleveland Guardians,CLE,P,Pitcher,L,L
683953,Travis Bazzana,114,Cleveland Guardians,CLE,2B,Second Base,L,R
622608,Antonio Senzatela,115,Colorado Rockies,COL,P,Pitcher,R,R
690924,Braxton Fulford,115,Colorado Rockies,COL,DH,Designated Hitter,R,R
657514,Brennan Bernardino,115,Colorado Rockies,COL,P,Pitcher,L,L
664954,Brett Sullivan,115,Colorado Rockies,COL,C,Catcher,L,R
694249,Cole Carrigg,115,Colorado Rockies,COL,CF,Outfielder,S,R
666397,Edouard Julien,115,Colorado Rockies,COL,2B,Second Base,L,R
678662,Ezequiel Tovar,115,Colorado Rockies,COL,SS,Shortstop,R,R
696100,Hunter Goodman,115,Colorado Rockies,COL,C,Catcher,R,R
664983,Jake McCarthy,115,Colorado Rockies,COL,CF,Outfielder,L,L
623474,Jimmy Herget,115,Colorado Rockies,COL,P,Pitcher,R,R
605154,John Brebbia,115,Colorado Rockies,COL,P,Pitcher,L,R
675848,Juan Mejia,115,Colorado Rockies,COL,P,Pitcher,R,R
607536,Kyle Freeland,115,Colorado Rockies,COL,P,Pitcher,L,L
691720,Kyle Karros,115,Colorado Rockies,COL,3B,Third Base,R,R
547179,Michael Lorenzen,115,Colorado Rockies,COL,P,Pitcher,R,R
666160,Mickey Moniak,115,Colorado Rockies,COL,LF,Outfielder,L,R
663372,Ryan Feltner,115,Colorado Rockies,COL,P,Pitcher,R,R
807743,Sean Sullivan,115,Colorado Rockies,COL,P,Pitcher,R,L
678020,Seth Halvorsen,115,Colorado Rockies,COL,P,Pitcher,R,R
681198,TJ Rumfield,115,Colorado Rockies,COL,1B,First Base,L,R
608372,Tomoyuki Sugano,115,Colorado Rockies,COL,P,Pitcher,R,R
687859,Troy Johnston,115,Colorado Rockies,COL,RF,Outfielder,L,L
671289,Tyler Freeman,115,Colorado Rockies,COL,RF,Outfielder,R,R
680767,Victor Vodnik,115,Colorado Rockies,COL,P,Pitcher,R,R
650489,Willi Castro,115,Colorado Rockies,COL,2B,Second Base,S,R
688642,Zach Agnos,115,Colorado Rockies,COL,P,Pitcher,R,R
701162,Ben Malgeri,116,Detroit Tigers,DET,CF,Outfielder,R,R
663554,Casey Mize,116,Detroit Tigers,DET,P,Pitcher,R,R
690993,Colt Keith,116,Detroit Tigers,DET,3B,Third Base,L,R
693307,Dillon Dingler,116,Detroit Tigers,DET,C,Catcher,R,R
623454,Drew Anderson,116,Detroit Tigers,DET,P,Pitcher,R,R
805427,Drew Sommers,116,Detroit Tigers,DET,P,Pitcher,L,L
664285,Framber Valdez,116,Detroit Tigers,DET,P,Pitcher,R,L
701678,Hao-Yu Lee,116,Detroit Tigers,DET,2B,Second Base,R,R
656427,Jack Flaherty,116,Detroit Tigers,DET,P,Pitcher,R,R
621097,Jacob Waguespack,116,Detroit Tigers,DET,P,Pitcher,R,R
663330,Jahmai Jones,116,Detroit Tigers,DET,DH,Designated Hitter,R,R
668670,Jake Rogers,116,Detroit Tigers,DET,C,Catcher,R,R
681546,James Outman,116,Detroit Tigers,DET,CF,Outfielder,L,R
672456,Keider Montero,116,Detroit Tigers,DET,P,Pitcher,R,R
445276,Kenley Jansen,116,Detroit Tigers,DET,P,Pitcher,S,R
681481,Kerry Carpenter,116,Detroit Tigers,DET,RF,Outfielder,L,R
805808,Kevin McGonigle,116,Detroit Tigers,DET,SS,Shortstop,L,R
640448,Kyle Finnegan,116,Detroit Tigers,DET,P,Pitcher,R,R
663837,Matt Vierling,116,Detroit Tigers,DET,CF,Outfielder,R,R
682985,Riley Greene,116,Detroit Tigers,DET,LF,Outfielder,L,L
679529,Spencer Torkelson,116,Detroit Tigers,DET,1B,First Base,R,R
669373,Tarik Skubal,116,Detroit Tigers,DET,P,Pitcher,R,L
675512,Troy Melton,116,Detroit Tigers,DET,P,Pitcher,R,R
663947,Tyler Holton,116,Detroit Tigers,DET,P,Pitcher,L,L
676684,Will Vest,116,Detroit Tigers,DET,P,Pitcher,R,R
656716,Zach McKinstry,116,Detroit Tigers,DET,2B,Second Base,L,R
805123,AJ Blubaugh,117,Houston Astros,HOU,P,Pitcher,R,R
694728,Brice Matthews,117,Houston Astros,HOU,CF,Outfielder,R,R
650556,Bryan Abreu,117,Houston Astros,HOU,P,Pitcher,R,R
687911,Bryan King,117,Houston Astros,HOU,P,Pitcher,R,L
701358,Cam Smith,117,Houston Astros,HOU,RF,Outfielder,R,R
543877,Christian Vázquez,117,Houston Astros,HOU,C,Catcher,R,R
572233,Christian Walker,117,Houston Astros,HOU,1B,First Base,R,R
660853,Enyel De Los Santos,117,Houston Astros,HOU,P,Pitcher,R,R
686613,Hunter Brown,117,Houston Astros,HOU,P,Pitcher,R,R
670623,Isaac Paredes,117,Houston Astros,HOU,3B,Third Base,R,R
676694,Jake Meyers,117,Houston Astros,HOU,CF,Outfielder,R,L
665161,Jeremy Peña,117,Houston Astros,HOU,SS,Shortstop,R,R
694388,Joey Loperfido,117,Houston Astros,HOU,LF,Outfielder,L,R
514888,Jose Altuve,117,Houston Astros,HOU,2B,Second Base,R,R
623352,Josh Hader,117,Houston Astros,HOU,P,Pitcher,L,L
699044,Miguel Ullola,117,Houston Astros,HOU,P,Pitcher,R,R
681347,Mike Burrows,117,Houston Astros,HOU,P,Pitcher,R,R
663878,Nate Pearson,117,Houston Astros,HOU,P,Pitcher,R,R
669397,Nick Allen,117,Houston Astros,HOU,SS,Shortstop,R,R
663567,Peter Lambert,117,Houston Astros,HOU,P,Pitcher,R,R
681293,Spencer Arrighetti,117,Houston Astros,HOU,P,Pitcher,R,R
595345,Steven Okert,117,Houston Astros,HOU,P,Pitcher,L,L
837227,Tatsuya Imai,117,Houston Astros,HOU,P,Pitcher,R,R
666211,Taylor Trammell,117,Houston Astros,HOU,CF,Outfielder,L,L
673237,Yainer Diaz,117,Houston Astros,HOU,C,Catcher,R,R
670541,Yordan Alvarez,117,Houston Astros,HOU,DH,Designated Hitter,L,R
656638,Alex Lange,118,Kansas City Royals,KC,P,Pitcher,R,R
694360,Beck Way,118,Kansas City Royals,KC,P,Pitcher,R,R
677951,Bobby Witt Jr.,118,Kansas City Royals,KC,SS,Shortstop,R,R
695600,Carter Jensen,118,Kansas City Royals,KC,C,Catcher,L,R
657756,Connor Seabold,118,Kansas City Royals,KC,P,Pitcher,R,R
663738,Daniel Lynch IV,118,Kansas City Royals,KC,P,Pitcher,L,L
672021,Eric Cerantola,118,Kansas City Royals,KC,P,Pitcher,R,R
686555,Isaac Collins,118,Kansas City Royals,KC,LF,Outfielder,S,R
695506,Jac Caglianone,118,Kansas City Royals,KC,RF,Outfielder,L,L
670231,John Rave,118,Kansas City Royals,KC,RF,Outfielder,L,L
670167,John Schreiber,118,Kansas City Royals,KC,P,Pitcher,R,R
668942,Josh Rojas,118,Kansas City Royals,KC,3B,Third Base,L,R
670224,Kameron Misner,118,Kansas City Royals,KC,CF,Outfielder,L,L
657041,Lane Thomas,118,Kansas City Royals,KC,CF,Outfielder,R,R
668674,Lucas Erceg,118,Kansas City Royals,KC,P,Pitcher,L,R
679883,Luinder Avila,118,Kansas City Royals,KC,P,Pitcher,R,R
621381,Matt Strahm,118,Kansas City Royals,KC,P,Pitcher,R,L
686681,Michael Massey,118,Kansas City Royals,KC,2B,Second Base,L,R
608379,Michael Wacha,118,Kansas City Royals,KC,P,Pitcher,R,R
679845,Nick Loftin,118,Kansas City Royals,KC,2B,Second Base,R,R
702070,Noah Cameron,118,Kansas City Royals,KC,P,Pitcher,L,L
521692,Salvador Perez,118,Kansas City Royals,KC,C,Catcher,R,R
607625,Seth Lugo,118,Kansas City Royals,KC,P,Pitcher,R,R
516782,Starling Marte,118,Kansas City Royals,KC,RF,Outfielder,R,R
674444,Steven Cruz,118,Kansas City Royals,KC,P,Pitcher,R,R
686475,Tyler Tolbert,118,Kansas City Royals,KC,2B,Second Base,R,R
669743,Alex Call,119,Los Angeles Dodgers,LAD,LF,Outfielder,R,R
690976,Alex Freeland,119,Los Angeles Dodgers,LAD,2B,Second Base,S,R
681911,Alex Vesia,119,Los Angeles Dodgers,LAD,P,Pitcher,L,L
681624,Andy Pages,119,Los Angeles Dodgers,LAD,CF,Outfielder,R,R
592779,Brock Stewart,119,Los Angeles Dodgers,LAD,P,Pitcher,L,R
642020,Chuckie Robinson,119,Los Angeles Dodgers,LAD,C,Catcher,R,R
687221,Dalton Rushing,119,Los Angeles Dodgers,LAD,C,Catcher,L,R
683618,Edgardo Henriquez,119,Los Angeles Dodgers,LAD,P,Pitcher,R,R
686218,Emmet Sheehan,119,Los Angeles Dodgers,LAD,P,Pitcher,R,R
641778,Eric Lauer,119,Los Angeles Dodgers,LAD,P,Pitcher,R,L
518692,Freddie Freeman,119,Los Angeles Dodgers,LAD,1B,First Base,L,R
676263,Jack Dreyer,119,Los Angeles Dodgers,LAD,P,Pitcher,R,L
642546,Jonathan Hernández,119,Los Angeles Dodgers,LAD,P,Pitcher,R,R
680736,Justin Wrobleski,119,Los Angeles Dodgers,LAD,P,Pitcher,L,L
669165,Kyle Hurt,119,Los Angeles Dodgers,LAD,P,Pitcher,R,R
663656,Kyle Tucker,119,Los Angeles Dodgers,LAD,RF,Outfielder,L,R
571970,Max Muncy,119,Los Angeles Dodgers,LAD,3B,Third Base,L,R
500743,Miguel Rojas,119,Los Angeles Dodgers,LAD,SS,Shortstop,R,R
605141,Mookie Betts,119,Los Angeles Dodgers,LAD,SS,Shortstop,R,R
808963,Roki Sasaki,119,Los Angeles Dodgers,LAD,P,Pitcher,R,R
660271,Shohei Ohtani,119,Los Angeles Dodgers,LAD,TWP,Two-Way Player,L,R
656945,Tanner Scott,119,Los Angeles Dodgers,LAD,P,Pitcher,R,L
606192,Teoscar Hernández,119,Los Angeles Dodgers,LAD,LF,Outfielder,R,R
669242,Tommy Edman,119,Los Angeles Dodgers,LAD,2B,Second Base,S,R
694361,Will Klein,119,Los Angeles Dodgers,LAD,P,Pitcher,R,R
808967,Yoshinobu Yamamoto,119,Los Angeles Dodgers,LAD,P,Pitcher,R,R
665953,Andrés Chaparro,120,Washington Nationals,WSH,1B,First Base,R,R
674841,Andrew Alvarez,120,Washington Nationals,WSH,P,Pitcher,L,L
695418,Brad Lord,120,Washington Nationals,WSH,P,Pitcher,R,R
682928,CJ Abrams,120,Washington Nationals,WSH,SS,Shortstop,L,R
676917,Cade Cavalli,120,Washington Nationals,WSH,P,Pitcher,R,R
687223,Carson Palmquist,120,Washington Nationals,WSH,P,Pitcher,L,L
690925,Clayton Beeter,120,Washington Nationals,WSH,P,Pitcher,R,R
678554,Curtis Mead,120,Washington Nationals,WSH,3B,Third Base,R,R
695734,Daylen Lile,120,Washington Nationals,WSH,LF,Outfielder,L,R
686452,Drew Millas,120,Washington Nationals,WSH,C,Catcher,S,R
686611,Dylan Crews,120,Washington Nationals,WSH,RF,Outfielder,R,R
656492,Foster Griffin,120,Washington Nationals,WSH,P,Pitcher,R,L
696285,Jacob Young,120,Washington Nationals,WSH,CF,Outfielder,R,R
695578,James Wood,120,Washington Nationals,WSH,RF,Outfielder,L,R
678391,Jorbit Vivas,120,Washington Nationals,WSH,3B,Third Base,L,R
677588,José Tena,120,Washington Nationals,WSH,DH,Designated Hitter,L,R
664875,Justin Lawrence,120,Washington Nationals,WSH,P,Pitcher,R,R
660688,Keibert Ruiz,120,Washington Nationals,WSH,C,Catcher,S,R
671277,Luis García Jr.,120,Washington Nationals,WSH,1B,First Base,L,R
571945,Miles Mikolas,120,Washington Nationals,WSH,P,Pitcher,R,R
683083,Nasim Nuñez,120,Washington Nationals,WSH,2B,Second Base,S,R
687377,Orlando Ribalta,120,Washington Nationals,WSH,P,Pitcher,R,R
676571,PJ Poulin,120,Washington Nationals,WSH,P,Pitcher,R,L
683000,Riley Cornelio,120,Washington Nationals,WSH,P,Pitcher,R,R
641793,Zack Littell,120,Washington Nationals,WSH,P,Pitcher,R,R
687849,Zak Kent,120,Washington Nationals,WSH,P,Pitcher,R,R
805999,A.J. Ewing,121,New York Mets,NYM,CF,Outfielder,L,R
621345,A.J. Minter,121,New York Mets,NYM,P,Pitcher,L,L
681810,Austin Warren,121,New York Mets,NYM,P,Pitcher,R,R
666182,Bo Bichette,121,New York Mets,NYM,SS,Shortstop,R,R
683146,Brett Baty,121,New York Mets,NYM,3B,Third Base,L,R
548384,Brooks Raley,121,New York Mets,NYM,P,Pitcher,L,L
701807,Carson Benge,121,New York Mets,NYM,RF,Outfielder,L,R
681035,Christian Scott,121,New York Mets,NYM,P,Pitcher,R,R
672335,Cionel Pérez,121,New York Mets,NYM,P,Pitcher,R,L
642207,Devin Williams,121,New York Mets,NYM,P,Pitcher,R,R
676572,Eric Wagaman,121,New York Mets,NYM,1B,First Base,R,R
682626,Francisco Alvarez,121,New York Mets,NYM,C,Catcher,R,R
596019,Francisco Lindor,121,New York Mets,NYM,SS,Shortstop,S,R
642547,Freddy Peralta,121,New York Mets,NYM,P,Pitcher,R,R
623211,Huascar Brazobán,121,New York Mets,NYM,P,Pitcher,R,R
676724,Jared Young,121,New York Mets,NYM,1B,First Base,L,R
680702,Joey Gerber,121,New York Mets,NYM,P,Pitcher,R,R
665742,Juan Soto,121,New York Mets,NYM,LF,Outfielder,L,L
673540,Kodai Senga,121,New York Mets,NYM,P,Pitcher,L,R
620443,Luis Torrens,121,New York Mets,NYM,C,Catcher,R,R
596133,Luke Weaver,121,New York Mets,NYM,P,Pitcher,R,R
668901,Mark Vientos,121,New York Mets,NYM,1B,First Base,R,R
690997,Nolan McLean,121,New York Mets,NYM,P,Pitcher,R,R
677595,Ronny Mauricio,121,New York Mets,NYM,SS,Shortstop,S,R
640455,Sean Manaea,121,New York Mets,NYM,P,Pitcher,R,L
621438,Tyrone Taylor,121,New York Mets,NYM,CF,Outfielder,,
